{"stats":{"minecraft:killed":{"minecraft:pig":6,"minecraft:ender_dragon":1,"minecraft:shulker":9},"minecraft:killed_by":{"minecraft:ender_dragon":1},"minecraft:picked_up":{"minecraft:shulker_shell":4,"potion_recipes:hastemixture":3,"minecraft:golden_carrot":127,"minecraft:prismarine_shard":1,"minecraft:end_portal_frame":1,"minecraft:potion":26,"minecraft:oak_log":5,"potion_recipes:mixtureofhearts":10,"minecraft:dirt":10,"minecraft:red_candle":1,"minecraft:cobbled_deepslate":52,"potion_recipes:prismaxture":4,"minecraft:ender_eye":1,"minecraft:enchanted_golden_apple":116,"minecraft:glass_bottle":17,"minecraft:chest":1,"minecraft:sculk_catalyst":3,"minecraft:ghast_tear":1,"minecraft:oak_fence":1,"minecraft:porkchop":13,"minecraft:stone_button":1,"potion_recipes:whizzbangshulkerbottle":4,"potion_recipes:smokebottle":190,"minecraft:redstone":1,"minecraft:spider_eye":1,"minecraft:prismarine_crystals":1,"minecraft:sugar":1,"minecraft:glistering_melon_slice":1},"minecraft:used":{"minecraft:oak_trapdoor":19,"minecraft:oak_fence":41,"minecraft:water_bucket":43,"minecraft:netherite_sword":31,"minecraft:wither_skeleton_skull":7,"minecraft:oak_planks":60,"minecraft:oak_sign":17,"minecraft:chest":9,"minecraft:wooden_shovel":10,"minecraft:glow_berries":2,"minecraft:brewing_stand":15,"minecraft:dirt":75,"minecraft:hopper":8,"minecraft:oak_slab":8,"minecraft:crafting_table":4,"minecraft:shulker_spawn_egg":1,"minecraft:beehive":221,"minecraft:smoker":2,"minecraft:milk_bucket":15,"minecraft:oak_log":8144,"minecraft:piston":5,"minecraft:ender_eye":14,"minecraft:lever":4,"minecraft:diamond_pickaxe":29,"minecraft:lava_bucket":4,"minecraft:command_block":2,"minecraft:grass_block":12,"minecraft:oak_stairs":97,"minecraft:iron_pickaxe":24,"minecraft:pig_spawn_egg":4,"minecraft:stone_button":3,"minecraft:red_candle":18,"minecraft:deepslate":94,"minecraft:item_frame":45,"minecraft:golden_carrot":2,"minecraft:potion":34,"minecraft:bucket":43,"minecraft:end_portal_frame":12,"minecraft:enchanted_golden_apple":15,"minecraft:splash_potion":6},"minecraft:custom":{"minecraft:mob_kills":18,"minecraft:inspect_hopper":14,"minecraft:interact_with_crafting_table":12,"minecraft:leave_game":59,"minecraft:time_since_death":6368,"minecraft:damage_resisted":442,"minecraft:time_since_rest":6395,"minecraft:walk_one_cm":412913,"minecraft:sprint_one_cm":413026,"minecraft:damage_taken":3109,"minecraft:damage_absorbed":1024,"minecraft:drop":49,"minecraft:damage_dealt":3652,"minecraft:swim_one_cm":909,"minecraft:fly_one_cm":1978769,"minecraft:open_chest":36,"minecraft:crouch_one_cm":92791,"minecraft:play_time":663541,"minecraft:deaths":3,"minecraft:sneak_time":34919,"minecraft:walk_under_water_one_cm":1177,"minecraft:jump":11923,"minecraft:interact_with_brewingstand":109,"minecraft:walk_on_water_one_cm":2808,"minecraft:interact_with_smoker":20,"minecraft:total_world_time":884581,"minecraft:fall_one_cm":78008},"minecraft:mined":{"minecraft:oak_fence":1,"minecraft:grass_block":11,"minecraft:oak_log":2,"minecraft:deepslate":52},"minecraft:crafted":{"potion_recipes:prismaxture":1,"minecraft:air":0,"potion_recipes:smokebottle":4,"potion_recipes:hastemixture":8},"minecraft:dropped":{"minecraft:porkchop":7,"minecraft:oak_log":2,"minecraft:glass_bottle":16,"potion_recipes:prismaxture":3,"minecraft:poisonous_potato":1,"minecraft:enchanted_golden_apple":58,"potion_recipes:smokebottle":64,"potion_recipes:mixtureofhearts":11,"potion_recipes:whizzbangshulkerbottle":2,"minecraft:shulker_shell":2,"minecraft:red_candle":1,"minecraft:sculk_catalyst":3,"minecraft:chest":1,"minecraft:potion":7,"minecraft:heart_of_the_sea":1,"minecraft:fermented_spider_eye":1}},"DataVersion":3465}