{
  "type": "minecraft:crafting_shaped",
  "category": "misc",
  "pattern": [
    "012",
    "345",
    "678"
  ],
  "key": {
    "0": {
      "item": "minecraft:bone"
    },
    "1": {
      "item": "minecraft:bone"
    },
    "2": {
      "item": "minecraft:bone"
    },
    "3": {
      "item": "minecraft:bone"
    },
    "4": {
      "item": "minecraft:wither_skeleton_skull"
    },
    "5": {
      "item": "minecraft:bone"
    },
    "6": {
      "item": "minecraft:bone"
    },
    "7": {
      "item": "minecraft:bone"
    },
    "8": {
      "item": "minecraft:bone"
    }
  },
  "result": {
    "item": "potion_recipes:netherbonemeal",
    "count": 24
  }
}