{
  "_fv": 47,
  "_type": "recipe",
  "definition": {
    "recipeType": "Brewing",
    "recipeRetstackSize": 1,
    "group": "",
    "cookingBookCategory": "MISC",
    "xpReward": 0.0,
    "cookingTime": 200,
    "craftingBookCategory": "MISC",
    "recipeShapeless": false,
    "brewingInputStack": {
      "value": "POTION:CUSTOM:Glowingpotionlong"
    },
    "brewingIngredientStack": {
      "value": "Items.FERMENTED_SPIDER_EYE"
    },
    "brewingReturnStack": {
      "value": "POTION:CUSTOM:Blindnesspotionlong"
    },
    "name": "blindnesspotionlongrecipe_2",
    "namespace": "mod"
  }
}