{
  "_fv": 47,
  "_type": "recipe",
  "definition": {
    "recipeType": "Brewing",
    "recipeRetstackSize": 1,
    "group": "",
    "cookingBookCategory": "MISC",
    "xpReward": 0.0,
    "cookingTime": 200,
    "craftingBookCategory": "MISC",
    "recipeShapeless": false,
    "brewingInputStack": {
      "value": "POTION:CUSTOM:Hungerpotion"
    },
    "brewingIngredientStack": {
      "value": "Items.REDSTONE"
    },
    "brewingReturnStack": {
      "value": "POTION:CUSTOM:Hungerpotionlong"
    },
    "name": "hungerpotionlongrecipe",
    "namespace": "mod"
  }
}