{
  "_fv": 47,
  "_type": "recipe",
  "definition": {
    "recipeType": "Crafting",
    "recipeRetstackSize": 24,
    "group": "",
    "cookingBookCategory": "MISC",
    "xpReward": 0.0,
    "cookingTime": 200,
    "craftingBookCategory": "MISC",
    "recipeShapeless": false,
    "recipeSlots": [
      {
        "value": "Items.BONE"
      },
      {
        "value": "Items.BONE"
      },
      {
        "value": "Items.BONE"
      },
      {
        "value": "Items.BONE"
      },
      {
        "value": "Blocks.SKULL#1"
      },
      {
        "value": "Items.BONE"
      },
      {
        "value": "Items.BONE"
      },
      {
        "value": "Items.BONE"
      },
      {
        "value": "Items.BONE"
      }
    ],
    "recipeReturnStack": {
      "value": "CUSTOM:Netherbonemeal"
    },
    "name": "netherbonemealrecipe",
    "namespace": "mod"
  }
}